{"task_id": "task_22b6f43b5976", "chunk_count": 1, "chunks": [{"chunk_id": "c1", "text": "WorkForge MVP test content.\nPoint A\nPoint B", "vector": {"point": 0.6324555320336759, "workforge": 0.31622776601683794, "mvp": 0.31622776601683794, "test": 0.31622776601683794, "content": 0.31622776601683794, "a": 0.31622776601683794, "b": 0.31622776601683794}}]}